-- ============================================
-- BULLSEYE - SEED SCORES & STATS
-- 2026 Supreme Flight Open (DGPT)
-- Source: https://www.dgpt.com
-- Run this in Supabase SQL Editor
-- ============================================

-- ── STEP 1: Re-seed tournaments with real 2026 DGPT schedule ──
DELETE FROM player_scores;
DELETE FROM player_stats;
DELETE FROM tournaments;

INSERT INTO tournaments (name, pdga_id, tier, season, start_date, end_date, location, status, par, rounds) VALUES
  ('Supreme Flight Open', '96401', 'ES', 2026, '2026-02-27', '2026-03-01', 'Brooksville, FL', 'completed', 65, 3),
  ('Big Easy Open', '96402', 'ES', 2026, '2026-03-13', '2026-03-15', 'Jefferson Parish, LA', 'active', 64, 3),
  ('Queen City Classic', '96403', 'ES', 2026, '2026-03-27', '2026-03-29', 'Charlotte, NC', 'upcoming', 64, 3),
  ('PDGA Champions Cup', '97336', 'Major', 2026, '2026-04-09', '2026-04-12', 'Lynchburg, VA', 'upcoming', 66, 4),
  ('Jonesboro Open', '96404', 'ES', 2026, '2026-04-17', '2026-04-19', 'Jonesboro, AR', 'upcoming', 63, 3),
  ('Dynamic Discs Open', '96407', 'ES', 2026, '2026-04-24', '2026-04-26', 'Emporia, KS', 'upcoming', 64, 3),
  ('Open at Austin', '96408', 'ES', 2026, '2026-05-07', '2026-05-10', 'Austin, TX', 'upcoming', 64, 4),
  ('OTB Open', '96409', 'ES', 2026, '2026-05-21', '2026-05-24', 'Stockton, CA', 'upcoming', 64, 4),
  ('Northwest Championship', '96410', 'ES', 2026, '2026-06-04', '2026-06-07', 'Portland, OR', 'upcoming', 64, 4),
  ('Swedish Open', '96411', 'ES', 2026, '2026-06-26', '2026-06-28', 'Ale, Sweden', 'upcoming', 64, 3),
  ('Ale Open', '96412', 'ES', 2026, '2026-07-03', '2026-07-05', 'Ale, Sweden', 'upcoming', 64, 3),
  ('Heinola Open', '96413', 'ES', 2026, '2026-07-10', '2026-07-12', 'Heinola, Finland', 'upcoming', 64, 3),
  ('Ledgestone Open', '96414', 'ES', 2026, '2026-07-30', '2026-08-02', 'Peoria, IL', 'upcoming', 64, 4),
  ('Discmania Challenge', '96415', 'ES', 2026, '2026-08-07', '2026-08-09', 'TBD', 'upcoming', 64, 3),
  ('Preserve Championship', '96416', 'ES', 2026, '2026-08-14', '2026-08-16', 'Clearwater, MN', 'upcoming', 64, 3),
  ('Green Mountain Championship', '96418', 'Playoff', 2026, '2026-09-17', '2026-09-20', 'Jeffersonville, VT', 'upcoming', 64, 4),
  ('MVP Open', '96419', 'Playoff', 2026, '2026-09-24', '2026-09-27', 'Leicester, MA', 'upcoming', 64, 4);

-- ── STEP 2: Insert player_scores for Supreme Flight Open ──

INSERT INTO player_scores (player_id, tournament_id, round, score_relative_par, is_lead_card, eagles, parked_holes, finish_position) VALUES
  ((SELECT id FROM players WHERE name = 'Richard Wysocki'), (SELECT id FROM tournaments WHERE name = 'Supreme Flight Open' AND season = 2026), 1, -7, false, 0, 0, NULL),
  ((SELECT id FROM players WHERE name = 'Richard Wysocki'), (SELECT id FROM tournaments WHERE name = 'Supreme Flight Open' AND season = 2026), 2, -11, true, 0, 0, NULL),
  ((SELECT id FROM players WHERE name = 'Richard Wysocki'), (SELECT id FROM tournaments WHERE name = 'Supreme Flight Open' AND season = 2026), 3, -6, true, 0, 0, 1),
  ((SELECT id FROM players WHERE name = 'Gannon Buhr'), (SELECT id FROM tournaments WHERE name = 'Supreme Flight Open' AND season = 2026), 1, -5, false, 0, 0, NULL),
  ((SELECT id FROM players WHERE name = 'Gannon Buhr'), (SELECT id FROM tournaments WHERE name = 'Supreme Flight Open' AND season = 2026), 2, -5, false, 0, 0, NULL),
  ((SELECT id FROM players WHERE name = 'Gannon Buhr'), (SELECT id FROM tournaments WHERE name = 'Supreme Flight Open' AND season = 2026), 3, -13, false, 0, 0, 2),
  ((SELECT id FROM players WHERE name = 'Paul McBeth'), (SELECT id FROM tournaments WHERE name = 'Supreme Flight Open' AND season = 2026), 1, -7, false, 0, 0, NULL),
  ((SELECT id FROM players WHERE name = 'Paul McBeth'), (SELECT id FROM tournaments WHERE name = 'Supreme Flight Open' AND season = 2026), 2, -8, true, 0, 0, NULL),
  ((SELECT id FROM players WHERE name = 'Paul McBeth'), (SELECT id FROM tournaments WHERE name = 'Supreme Flight Open' AND season = 2026), 3, -6, true, 0, 0, 3),
  ((SELECT id FROM players WHERE name = 'Kyle Klein'), (SELECT id FROM tournaments WHERE name = 'Supreme Flight Open' AND season = 2026), 1, -6, false, 0, 0, NULL),
  ((SELECT id FROM players WHERE name = 'Kyle Klein'), (SELECT id FROM tournaments WHERE name = 'Supreme Flight Open' AND season = 2026), 2, -7, true, 0, 0, NULL),
  ((SELECT id FROM players WHERE name = 'Kyle Klein'), (SELECT id FROM tournaments WHERE name = 'Supreme Flight Open' AND season = 2026), 3, -7, true, 0, 0, 4),
  ((SELECT id FROM players WHERE name = 'Sullivan Tipton'), (SELECT id FROM tournaments WHERE name = 'Supreme Flight Open' AND season = 2026), 1, -1, false, 0, 0, NULL),
  ((SELECT id FROM players WHERE name = 'Sullivan Tipton'), (SELECT id FROM tournaments WHERE name = 'Supreme Flight Open' AND season = 2026), 2, -8, false, 0, 0, NULL),
  ((SELECT id FROM players WHERE name = 'Sullivan Tipton'), (SELECT id FROM tournaments WHERE name = 'Supreme Flight Open' AND season = 2026), 3, -9, false, 0, 0, 5),
  ((SELECT id FROM players WHERE name = 'Chandler Kramer'), (SELECT id FROM tournaments WHERE name = 'Supreme Flight Open' AND season = 2026), 1, -6, false, 0, 0, NULL),
  ((SELECT id FROM players WHERE name = 'Chandler Kramer'), (SELECT id FROM tournaments WHERE name = 'Supreme Flight Open' AND season = 2026), 2, -7, false, 0, 0, NULL),
  ((SELECT id FROM players WHERE name = 'Chandler Kramer'), (SELECT id FROM tournaments WHERE name = 'Supreme Flight Open' AND season = 2026), 3, -5, true, 0, 0, 5),
  ((SELECT id FROM players WHERE name = 'Adam Hammes'), (SELECT id FROM tournaments WHERE name = 'Supreme Flight Open' AND season = 2026), 1, -10, false, 0, 0, NULL),
  ((SELECT id FROM players WHERE name = 'Adam Hammes'), (SELECT id FROM tournaments WHERE name = 'Supreme Flight Open' AND season = 2026), 2, -2, true, 0, 0, NULL),
  ((SELECT id FROM players WHERE name = 'Adam Hammes'), (SELECT id FROM tournaments WHERE name = 'Supreme Flight Open' AND season = 2026), 3, -5, false, 0, 0, 7),
  ((SELECT id FROM players WHERE name = 'Jake Hebenheimer'), (SELECT id FROM tournaments WHERE name = 'Supreme Flight Open' AND season = 2026), 1, -2, false, 0, 0, NULL),
  ((SELECT id FROM players WHERE name = 'Jake Hebenheimer'), (SELECT id FROM tournaments WHERE name = 'Supreme Flight Open' AND season = 2026), 2, -5, false, 0, 0, NULL),
  ((SELECT id FROM players WHERE name = 'Jake Hebenheimer'), (SELECT id FROM tournaments WHERE name = 'Supreme Flight Open' AND season = 2026), 3, -7, false, 0, 0, 8),
  ((SELECT id FROM players WHERE name = 'Ezra Robinson'), (SELECT id FROM tournaments WHERE name = 'Supreme Flight Open' AND season = 2026), 1, -3, false, 0, 0, NULL),
  ((SELECT id FROM players WHERE name = 'Ezra Robinson'), (SELECT id FROM tournaments WHERE name = 'Supreme Flight Open' AND season = 2026), 2, -7, false, 0, 0, NULL),
  ((SELECT id FROM players WHERE name = 'Ezra Robinson'), (SELECT id FROM tournaments WHERE name = 'Supreme Flight Open' AND season = 2026), 3, -3, false, 0, 0, 9),
  ((SELECT id FROM players WHERE name = 'Isaac Robinson'), (SELECT id FROM tournaments WHERE name = 'Supreme Flight Open' AND season = 2026), 1, -6, false, 0, 0, NULL),
  ((SELECT id FROM players WHERE name = 'Isaac Robinson'), (SELECT id FROM tournaments WHERE name = 'Supreme Flight Open' AND season = 2026), 2, -3, false, 0, 0, NULL),
  ((SELECT id FROM players WHERE name = 'Isaac Robinson'), (SELECT id FROM tournaments WHERE name = 'Supreme Flight Open' AND season = 2026), 3, -3, false, 0, 0, 10),
  ((SELECT id FROM players WHERE name = 'Anthony Barela'), (SELECT id FROM tournaments WHERE name = 'Supreme Flight Open' AND season = 2026), 1, -6, false, 0, 0, NULL),
  ((SELECT id FROM players WHERE name = 'Anthony Barela'), (SELECT id FROM tournaments WHERE name = 'Supreme Flight Open' AND season = 2026), 2, -6, false, 0, 0, NULL),
  ((SELECT id FROM players WHERE name = 'Anthony Barela'), (SELECT id FROM tournaments WHERE name = 'Supreme Flight Open' AND season = 2026), 3, 0, false, 0, 0, 10),
  ((SELECT id FROM players WHERE name = 'Aaron Gossage'), (SELECT id FROM tournaments WHERE name = 'Supreme Flight Open' AND season = 2026), 1, -3, false, 0, 0, NULL),
  ((SELECT id FROM players WHERE name = 'Aaron Gossage'), (SELECT id FROM tournaments WHERE name = 'Supreme Flight Open' AND season = 2026), 2, -7, false, 0, 0, NULL),
  ((SELECT id FROM players WHERE name = 'Aaron Gossage'), (SELECT id FROM tournaments WHERE name = 'Supreme Flight Open' AND season = 2026), 3, -1, false, 0, 0, 12),
  ((SELECT id FROM players WHERE name = 'Calvin Heimburg'), (SELECT id FROM tournaments WHERE name = 'Supreme Flight Open' AND season = 2026), 1, -4, false, 0, 0, NULL),
  ((SELECT id FROM players WHERE name = 'Calvin Heimburg'), (SELECT id FROM tournaments WHERE name = 'Supreme Flight Open' AND season = 2026), 2, -3, false, 0, 0, NULL),
  ((SELECT id FROM players WHERE name = 'Calvin Heimburg'), (SELECT id FROM tournaments WHERE name = 'Supreme Flight Open' AND season = 2026), 3, -4, false, 0, 0, 12),
  ((SELECT id FROM players WHERE name = 'Eagle McMahon'), (SELECT id FROM tournaments WHERE name = 'Supreme Flight Open' AND season = 2026), 1, -5, false, 0, 0, NULL),
  ((SELECT id FROM players WHERE name = 'Eagle McMahon'), (SELECT id FROM tournaments WHERE name = 'Supreme Flight Open' AND season = 2026), 2, -2, false, 0, 0, NULL),
  ((SELECT id FROM players WHERE name = 'Eagle McMahon'), (SELECT id FROM tournaments WHERE name = 'Supreme Flight Open' AND season = 2026), 3, -3, false, 0, 0, 14),
  ((SELECT id FROM players WHERE name = 'Chris Dickerson'), (SELECT id FROM tournaments WHERE name = 'Supreme Flight Open' AND season = 2026), 1, -4, false, 0, 0, NULL),
  ((SELECT id FROM players WHERE name = 'Chris Dickerson'), (SELECT id FROM tournaments WHERE name = 'Supreme Flight Open' AND season = 2026), 2, -2, false, 0, 0, NULL),
  ((SELECT id FROM players WHERE name = 'Chris Dickerson'), (SELECT id FROM tournaments WHERE name = 'Supreme Flight Open' AND season = 2026), 3, -4, false, 0, 0, 14),
  ((SELECT id FROM players WHERE name = 'Cole Redalen'), (SELECT id FROM tournaments WHERE name = 'Supreme Flight Open' AND season = 2026), 1, -5, false, 0, 0, NULL),
  ((SELECT id FROM players WHERE name = 'Cole Redalen'), (SELECT id FROM tournaments WHERE name = 'Supreme Flight Open' AND season = 2026), 2, -4, false, 0, 0, NULL),
  ((SELECT id FROM players WHERE name = 'Cole Redalen'), (SELECT id FROM tournaments WHERE name = 'Supreme Flight Open' AND season = 2026), 3, -1, false, 0, 0, 16),
  ((SELECT id FROM players WHERE name = 'Simon Lizotte'), (SELECT id FROM tournaments WHERE name = 'Supreme Flight Open' AND season = 2026), 1, -4, false, 0, 0, NULL),
  ((SELECT id FROM players WHERE name = 'Simon Lizotte'), (SELECT id FROM tournaments WHERE name = 'Supreme Flight Open' AND season = 2026), 2, -3, false, 0, 0, NULL),
  ((SELECT id FROM players WHERE name = 'Simon Lizotte'), (SELECT id FROM tournaments WHERE name = 'Supreme Flight Open' AND season = 2026), 3, -3, false, 0, 0, 16),
  ((SELECT id FROM players WHERE name = 'Niklas Anttila'), (SELECT id FROM tournaments WHERE name = 'Supreme Flight Open' AND season = 2026), 1, -2, false, 0, 0, NULL),
  ((SELECT id FROM players WHERE name = 'Niklas Anttila'), (SELECT id FROM tournaments WHERE name = 'Supreme Flight Open' AND season = 2026), 2, -4, false, 0, 0, NULL),
  ((SELECT id FROM players WHERE name = 'Niklas Anttila'), (SELECT id FROM tournaments WHERE name = 'Supreme Flight Open' AND season = 2026), 3, -3, false, 0, 0, 18),
  ((SELECT id FROM players WHERE name = 'Evan Smith'), (SELECT id FROM tournaments WHERE name = 'Supreme Flight Open' AND season = 2026), 1, -5, false, 0, 0, NULL),
  ((SELECT id FROM players WHERE name = 'Evan Smith'), (SELECT id FROM tournaments WHERE name = 'Supreme Flight Open' AND season = 2026), 2, -2, false, 0, 0, NULL),
  ((SELECT id FROM players WHERE name = 'Evan Smith'), (SELECT id FROM tournaments WHERE name = 'Supreme Flight Open' AND season = 2026), 3, -2, false, 0, 0, 18),
  ((SELECT id FROM players WHERE name = 'Andrew Marwede'), (SELECT id FROM tournaments WHERE name = 'Supreme Flight Open' AND season = 2026), 1, -1, false, 0, 0, NULL),
  ((SELECT id FROM players WHERE name = 'Andrew Marwede'), (SELECT id FROM tournaments WHERE name = 'Supreme Flight Open' AND season = 2026), 2, -5, false, 0, 0, NULL),
  ((SELECT id FROM players WHERE name = 'Andrew Marwede'), (SELECT id FROM tournaments WHERE name = 'Supreme Flight Open' AND season = 2026), 3, -2, false, 0, 0, 20),
  ((SELECT id FROM players WHERE name = 'Gavin Babcock'), (SELECT id FROM tournaments WHERE name = 'Supreme Flight Open' AND season = 2026), 1, -6, false, 0, 0, NULL),
  ((SELECT id FROM players WHERE name = 'Gavin Babcock'), (SELECT id FROM tournaments WHERE name = 'Supreme Flight Open' AND season = 2026), 2, -1, false, 0, 0, NULL),
  ((SELECT id FROM players WHERE name = 'Gavin Babcock'), (SELECT id FROM tournaments WHERE name = 'Supreme Flight Open' AND season = 2026), 3, -1, false, 0, 0, 21),
  ((SELECT id FROM players WHERE name = 'Luke Taylor'), (SELECT id FROM tournaments WHERE name = 'Supreme Flight Open' AND season = 2026), 1, -4, false, 0, 0, NULL),
  ((SELECT id FROM players WHERE name = 'Luke Taylor'), (SELECT id FROM tournaments WHERE name = 'Supreme Flight Open' AND season = 2026), 2, -1, false, 0, 0, NULL),
  ((SELECT id FROM players WHERE name = 'Luke Taylor'), (SELECT id FROM tournaments WHERE name = 'Supreme Flight Open' AND season = 2026), 3, -3, false, 0, 0, 21),
  ((SELECT id FROM players WHERE name = 'Kevin Jones'), (SELECT id FROM tournaments WHERE name = 'Supreme Flight Open' AND season = 2026), 1, -4, false, 0, 0, NULL),
  ((SELECT id FROM players WHERE name = 'Kevin Jones'), (SELECT id FROM tournaments WHERE name = 'Supreme Flight Open' AND season = 2026), 2, -2, false, 0, 0, NULL),
  ((SELECT id FROM players WHERE name = 'Kevin Jones'), (SELECT id FROM tournaments WHERE name = 'Supreme Flight Open' AND season = 2026), 3, -1, false, 0, 0, 23),
  ((SELECT id FROM players WHERE name = 'Ezra Aderhold'), (SELECT id FROM tournaments WHERE name = 'Supreme Flight Open' AND season = 2026), 1, -5, false, 0, 0, NULL),
  ((SELECT id FROM players WHERE name = 'Ezra Aderhold'), (SELECT id FROM tournaments WHERE name = 'Supreme Flight Open' AND season = 2026), 2, 0, false, 0, 0, NULL),
  ((SELECT id FROM players WHERE name = 'Ezra Aderhold'), (SELECT id FROM tournaments WHERE name = 'Supreme Flight Open' AND season = 2026), 3, -2, false, 0, 0, 23),
  ((SELECT id FROM players WHERE name = 'Joseph Anderson'), (SELECT id FROM tournaments WHERE name = 'Supreme Flight Open' AND season = 2026), 1, -2, false, 0, 0, NULL),
  ((SELECT id FROM players WHERE name = 'Joseph Anderson'), (SELECT id FROM tournaments WHERE name = 'Supreme Flight Open' AND season = 2026), 2, -3, false, 0, 0, NULL),
  ((SELECT id FROM players WHERE name = 'Joseph Anderson'), (SELECT id FROM tournaments WHERE name = 'Supreme Flight Open' AND season = 2026), 3, -1, false, 0, 0, 25),
  ((SELECT id FROM players WHERE name = 'Austin Turner'), (SELECT id FROM tournaments WHERE name = 'Supreme Flight Open' AND season = 2026), 1, 0, false, 0, 0, NULL),
  ((SELECT id FROM players WHERE name = 'Austin Turner'), (SELECT id FROM tournaments WHERE name = 'Supreme Flight Open' AND season = 2026), 2, -3, false, 0, 0, NULL),
  ((SELECT id FROM players WHERE name = 'Austin Turner'), (SELECT id FROM tournaments WHERE name = 'Supreme Flight Open' AND season = 2026), 3, -3, false, 0, 0, 25),
  ((SELECT id FROM players WHERE name = 'Joel Freeman'), (SELECT id FROM tournaments WHERE name = 'Supreme Flight Open' AND season = 2026), 1, -4, false, 0, 0, NULL),
  ((SELECT id FROM players WHERE name = 'Joel Freeman'), (SELECT id FROM tournaments WHERE name = 'Supreme Flight Open' AND season = 2026), 2, -1, false, 0, 0, NULL),
  ((SELECT id FROM players WHERE name = 'Joel Freeman'), (SELECT id FROM tournaments WHERE name = 'Supreme Flight Open' AND season = 2026), 3, -1, false, 0, 0, 27),
  ((SELECT id FROM players WHERE name = 'Matthew Orum'), (SELECT id FROM tournaments WHERE name = 'Supreme Flight Open' AND season = 2026), 1, -4, false, 0, 0, NULL),
  ((SELECT id FROM players WHERE name = 'Matthew Orum'), (SELECT id FROM tournaments WHERE name = 'Supreme Flight Open' AND season = 2026), 2, -2, false, 0, 0, NULL),
  ((SELECT id FROM players WHERE name = 'Matthew Orum'), (SELECT id FROM tournaments WHERE name = 'Supreme Flight Open' AND season = 2026), 3, 0, false, 0, 0, 27),
  ((SELECT id FROM players WHERE name = 'Corey Ellis'), (SELECT id FROM tournaments WHERE name = 'Supreme Flight Open' AND season = 2026), 1, -2, false, 0, 0, NULL),
  ((SELECT id FROM players WHERE name = 'Corey Ellis'), (SELECT id FROM tournaments WHERE name = 'Supreme Flight Open' AND season = 2026), 2, 0, false, 0, 0, NULL),
  ((SELECT id FROM players WHERE name = 'Corey Ellis'), (SELECT id FROM tournaments WHERE name = 'Supreme Flight Open' AND season = 2026), 3, -3, false, 0, 0, 29),
  ((SELECT id FROM players WHERE name = 'Mason Ford'), (SELECT id FROM tournaments WHERE name = 'Supreme Flight Open' AND season = 2026), 1, -5, false, 0, 0, NULL),
  ((SELECT id FROM players WHERE name = 'Mason Ford'), (SELECT id FROM tournaments WHERE name = 'Supreme Flight Open' AND season = 2026), 2, 0, false, 0, 0, NULL),
  ((SELECT id FROM players WHERE name = 'Mason Ford'), (SELECT id FROM tournaments WHERE name = 'Supreme Flight Open' AND season = 2026), 3, 0, false, 0, 0, 29),
  ((SELECT id FROM players WHERE name = 'James Conrad'), (SELECT id FROM tournaments WHERE name = 'Supreme Flight Open' AND season = 2026), 1, -3, false, 0, 0, NULL),
  ((SELECT id FROM players WHERE name = 'James Conrad'), (SELECT id FROM tournaments WHERE name = 'Supreme Flight Open' AND season = 2026), 2, -2, false, 0, 0, NULL),
  ((SELECT id FROM players WHERE name = 'James Conrad'), (SELECT id FROM tournaments WHERE name = 'Supreme Flight Open' AND season = 2026), 3, 0, false, 0, 0, 29),
  ((SELECT id FROM players WHERE name = 'Vaino Makela'), (SELECT id FROM tournaments WHERE name = 'Supreme Flight Open' AND season = 2026), 1, -3, false, 0, 0, NULL),
  ((SELECT id FROM players WHERE name = 'Vaino Makela'), (SELECT id FROM tournaments WHERE name = 'Supreme Flight Open' AND season = 2026), 2, 0, false, 0, 0, NULL),
  ((SELECT id FROM players WHERE name = 'Vaino Makela'), (SELECT id FROM tournaments WHERE name = 'Supreme Flight Open' AND season = 2026), 3, -1, false, 0, 0, 32),
  ((SELECT id FROM players WHERE name = 'Andrew Presnell'), (SELECT id FROM tournaments WHERE name = 'Supreme Flight Open' AND season = 2026), 1, -3, false, 0, 0, NULL),
  ((SELECT id FROM players WHERE name = 'Andrew Presnell'), (SELECT id FROM tournaments WHERE name = 'Supreme Flight Open' AND season = 2026), 2, 0, false, 0, 0, NULL),
  ((SELECT id FROM players WHERE name = 'Andrew Presnell'), (SELECT id FROM tournaments WHERE name = 'Supreme Flight Open' AND season = 2026), 3, -1, false, 0, 0, 32),
  ((SELECT id FROM players WHERE name = 'Bradley Williams'), (SELECT id FROM tournaments WHERE name = 'Supreme Flight Open' AND season = 2026), 1, -1, false, 0, 0, NULL),
  ((SELECT id FROM players WHERE name = 'Bradley Williams'), (SELECT id FROM tournaments WHERE name = 'Supreme Flight Open' AND season = 2026), 2, -2, false, 0, 0, NULL),
  ((SELECT id FROM players WHERE name = 'Bradley Williams'), (SELECT id FROM tournaments WHERE name = 'Supreme Flight Open' AND season = 2026), 3, 0, false, 0, 0, 34),
  ((SELECT id FROM players WHERE name = 'Paul Ulibarri'), (SELECT id FROM tournaments WHERE name = 'Supreme Flight Open' AND season = 2026), 1, 0, false, 0, 0, NULL),
  ((SELECT id FROM players WHERE name = 'Paul Ulibarri'), (SELECT id FROM tournaments WHERE name = 'Supreme Flight Open' AND season = 2026), 2, -1, false, 0, 0, NULL),
  ((SELECT id FROM players WHERE name = 'Paul Ulibarri'), (SELECT id FROM tournaments WHERE name = 'Supreme Flight Open' AND season = 2026), 3, -2, false, 0, 0, 34),
  ((SELECT id FROM players WHERE name = 'Drew Gibson'), (SELECT id FROM tournaments WHERE name = 'Supreme Flight Open' AND season = 2026), 1, -2, false, 0, 0, NULL),
  ((SELECT id FROM players WHERE name = 'Drew Gibson'), (SELECT id FROM tournaments WHERE name = 'Supreme Flight Open' AND season = 2026), 2, 0, false, 0, 0, NULL),
  ((SELECT id FROM players WHERE name = 'Drew Gibson'), (SELECT id FROM tournaments WHERE name = 'Supreme Flight Open' AND season = 2026), 3, 0, false, 0, 0, 36),
  ((SELECT id FROM players WHERE name = 'Casey White'), (SELECT id FROM tournaments WHERE name = 'Supreme Flight Open' AND season = 2026), 1, 0, false, 0, 0, NULL),
  ((SELECT id FROM players WHERE name = 'Casey White'), (SELECT id FROM tournaments WHERE name = 'Supreme Flight Open' AND season = 2026), 2, -2, false, 0, 0, NULL),
  ((SELECT id FROM players WHERE name = 'Casey White'), (SELECT id FROM tournaments WHERE name = 'Supreme Flight Open' AND season = 2026), 3, 0, false, 0, 0, 36),
  ((SELECT id FROM players WHERE name = 'Raven Newsom'), (SELECT id FROM tournaments WHERE name = 'Supreme Flight Open' AND season = 2026), 1, -3, false, 0, 0, NULL),
  ((SELECT id FROM players WHERE name = 'Raven Newsom'), (SELECT id FROM tournaments WHERE name = 'Supreme Flight Open' AND season = 2026), 2, 1, false, 0, 0, NULL),
  ((SELECT id FROM players WHERE name = 'Raven Newsom'), (SELECT id FROM tournaments WHERE name = 'Supreme Flight Open' AND season = 2026), 3, 1, false, 0, 0, 38),
  ((SELECT id FROM players WHERE name = 'Paul Krans'), (SELECT id FROM tournaments WHERE name = 'Supreme Flight Open' AND season = 2026), 1, -2, false, 0, 0, NULL),
  ((SELECT id FROM players WHERE name = 'Paul Krans'), (SELECT id FROM tournaments WHERE name = 'Supreme Flight Open' AND season = 2026), 2, 0, false, 0, 0, NULL),
  ((SELECT id FROM players WHERE name = 'Paul Krans'), (SELECT id FROM tournaments WHERE name = 'Supreme Flight Open' AND season = 2026), 3, 1, false, 0, 0, 38),
  ((SELECT id FROM players WHERE name = 'Silas Schultz'), (SELECT id FROM tournaments WHERE name = 'Supreme Flight Open' AND season = 2026), 1, 0, false, 0, 0, NULL),
  ((SELECT id FROM players WHERE name = 'Silas Schultz'), (SELECT id FROM tournaments WHERE name = 'Supreme Flight Open' AND season = 2026), 2, 0, false, 0, 0, NULL),
  ((SELECT id FROM players WHERE name = 'Silas Schultz'), (SELECT id FROM tournaments WHERE name = 'Supreme Flight Open' AND season = 2026), 3, 0, false, 0, 0, 40),
  ((SELECT id FROM players WHERE name = 'Jake Monn'), (SELECT id FROM tournaments WHERE name = 'Supreme Flight Open' AND season = 2026), 1, -1, false, 0, 0, NULL),
  ((SELECT id FROM players WHERE name = 'Jake Monn'), (SELECT id FROM tournaments WHERE name = 'Supreme Flight Open' AND season = 2026), 2, 0, false, 0, 0, NULL),
  ((SELECT id FROM players WHERE name = 'Jake Monn'), (SELECT id FROM tournaments WHERE name = 'Supreme Flight Open' AND season = 2026), 3, 1, false, 0, 0, 40),
  ((SELECT id FROM players WHERE name = 'Benjamin Callaway'), (SELECT id FROM tournaments WHERE name = 'Supreme Flight Open' AND season = 2026), 1, 0, false, 0, 0, NULL),
  ((SELECT id FROM players WHERE name = 'Benjamin Callaway'), (SELECT id FROM tournaments WHERE name = 'Supreme Flight Open' AND season = 2026), 2, 1, false, 0, 0, NULL),
  ((SELECT id FROM players WHERE name = 'Benjamin Callaway'), (SELECT id FROM tournaments WHERE name = 'Supreme Flight Open' AND season = 2026), 3, 0, false, 0, 0, 42),
  ((SELECT id FROM players WHERE name = 'Gavin Rathbun'), (SELECT id FROM tournaments WHERE name = 'Supreme Flight Open' AND season = 2026), 1, -1, false, 0, 0, NULL),
  ((SELECT id FROM players WHERE name = 'Gavin Rathbun'), (SELECT id FROM tournaments WHERE name = 'Supreme Flight Open' AND season = 2026), 2, 1, false, 0, 0, NULL),
  ((SELECT id FROM players WHERE name = 'Gavin Rathbun'), (SELECT id FROM tournaments WHERE name = 'Supreme Flight Open' AND season = 2026), 3, 1, false, 0, 0, 42),
  ((SELECT id FROM players WHERE name = 'Lauri Lehtinen'), (SELECT id FROM tournaments WHERE name = 'Supreme Flight Open' AND season = 2026), 1, 0, false, 0, 0, NULL),
  ((SELECT id FROM players WHERE name = 'Lauri Lehtinen'), (SELECT id FROM tournaments WHERE name = 'Supreme Flight Open' AND season = 2026), 2, 1, false, 0, 0, NULL),
  ((SELECT id FROM players WHERE name = 'Lauri Lehtinen'), (SELECT id FROM tournaments WHERE name = 'Supreme Flight Open' AND season = 2026), 3, 1, false, 0, 0, 44),
  ((SELECT id FROM players WHERE name = 'Jakub Semerad'), (SELECT id FROM tournaments WHERE name = 'Supreme Flight Open' AND season = 2026), 1, 1, false, 0, 0, NULL),
  ((SELECT id FROM players WHERE name = 'Jakub Semerad'), (SELECT id FROM tournaments WHERE name = 'Supreme Flight Open' AND season = 2026), 2, -1, false, 0, 0, NULL),
  ((SELECT id FROM players WHERE name = 'Jakub Semerad'), (SELECT id FROM tournaments WHERE name = 'Supreme Flight Open' AND season = 2026), 3, 2, false, 0, 0, 44),
  ((SELECT id FROM players WHERE name = 'Jesse Nieminen'), (SELECT id FROM tournaments WHERE name = 'Supreme Flight Open' AND season = 2026), 1, 1, false, 0, 0, NULL),
  ((SELECT id FROM players WHERE name = 'Jesse Nieminen'), (SELECT id FROM tournaments WHERE name = 'Supreme Flight Open' AND season = 2026), 2, 0, false, 0, 0, NULL),
  ((SELECT id FROM players WHERE name = 'Jesse Nieminen'), (SELECT id FROM tournaments WHERE name = 'Supreme Flight Open' AND season = 2026), 3, 2, false, 0, 0, 46),
  ((SELECT id FROM players WHERE name = 'James Proctor'), (SELECT id FROM tournaments WHERE name = 'Supreme Flight Open' AND season = 2026), 1, 0, false, 0, 0, NULL),
  ((SELECT id FROM players WHERE name = 'James Proctor'), (SELECT id FROM tournaments WHERE name = 'Supreme Flight Open' AND season = 2026), 2, 2, false, 0, 0, NULL),
  ((SELECT id FROM players WHERE name = 'James Proctor'), (SELECT id FROM tournaments WHERE name = 'Supreme Flight Open' AND season = 2026), 3, 1, false, 0, 0, 46),
  ((SELECT id FROM players WHERE name = 'Robert Burridge'), (SELECT id FROM tournaments WHERE name = 'Supreme Flight Open' AND season = 2026), 1, 1, false, 0, 0, NULL),
  ((SELECT id FROM players WHERE name = 'Robert Burridge'), (SELECT id FROM tournaments WHERE name = 'Supreme Flight Open' AND season = 2026), 2, 1, false, 0, 0, NULL),
  ((SELECT id FROM players WHERE name = 'Robert Burridge'), (SELECT id FROM tournaments WHERE name = 'Supreme Flight Open' AND season = 2026), 3, 2, false, 0, 0, 48),
  ((SELECT id FROM players WHERE name = 'Zachary Nash'), (SELECT id FROM tournaments WHERE name = 'Supreme Flight Open' AND season = 2026), 1, 2, false, 0, 0, NULL),
  ((SELECT id FROM players WHERE name = 'Zachary Nash'), (SELECT id FROM tournaments WHERE name = 'Supreme Flight Open' AND season = 2026), 2, 0, false, 0, 0, NULL),
  ((SELECT id FROM players WHERE name = 'Zachary Nash'), (SELECT id FROM tournaments WHERE name = 'Supreme Flight Open' AND season = 2026), 3, 2, false, 0, 0, 48),
  ((SELECT id FROM players WHERE name = 'Evan Scott'), (SELECT id FROM tournaments WHERE name = 'Supreme Flight Open' AND season = 2026), 1, 0, false, 0, 0, NULL),
  ((SELECT id FROM players WHERE name = 'Evan Scott'), (SELECT id FROM tournaments WHERE name = 'Supreme Flight Open' AND season = 2026), 2, 2, false, 0, 0, NULL),
  ((SELECT id FROM players WHERE name = 'Evan Scott'), (SELECT id FROM tournaments WHERE name = 'Supreme Flight Open' AND season = 2026), 3, 3, false, 0, 0, 50);

-- ── STEP 3: Insert player_stats for Supreme Flight Open ──

INSERT INTO player_stats (player_id, tournament_id, c1x_putting_pct, c2_putting_pct, fairway_hit_pct, c1_in_reg_pct) VALUES
  ((SELECT id FROM players WHERE name = 'Richard Wysocki'), (SELECT id FROM tournaments WHERE name = 'Supreme Flight Open' AND season = 2026), 84.26, 42.78, 70.18, 48.15),
  ((SELECT id FROM players WHERE name = 'Gannon Buhr'), (SELECT id FROM tournaments WHERE name = 'Supreme Flight Open' AND season = 2026), 93.94, 45.24, 73.69, 42.59),
  ((SELECT id FROM players WHERE name = 'Paul McBeth'), (SELECT id FROM tournaments WHERE name = 'Supreme Flight Open' AND season = 2026), 96.97, 37.5, 70.17, 40.74),
  ((SELECT id FROM players WHERE name = 'Kyle Klein'), (SELECT id FROM tournaments WHERE name = 'Supreme Flight Open' AND season = 2026), 84.15, 50.92, 71.93, 48.15),
  ((SELECT id FROM players WHERE name = 'Sullivan Tipton'), (SELECT id FROM tournaments WHERE name = 'Supreme Flight Open' AND season = 2026), 95.24, 52.78, 71.93, 35.18),
  ((SELECT id FROM players WHERE name = 'Chandler Kramer'), (SELECT id FROM tournaments WHERE name = 'Supreme Flight Open' AND season = 2026), 93.94, 21.67, 71.93, 35.19),
  ((SELECT id FROM players WHERE name = 'Adam Hammes'), (SELECT id FROM tournaments WHERE name = 'Supreme Flight Open' AND season = 2026), 86.11, 69.44, 75.44, 40.74),
  ((SELECT id FROM players WHERE name = 'Jake Hebenheimer'), (SELECT id FROM tournaments WHERE name = 'Supreme Flight Open' AND season = 2026), 82.58, 27.04, 75.44, 38.89),
  ((SELECT id FROM players WHERE name = 'Ezra Robinson'), (SELECT id FROM tournaments WHERE name = 'Supreme Flight Open' AND season = 2026), 92.59, 41.67, 68.42, 37.04),
  ((SELECT id FROM players WHERE name = 'Isaac Robinson'), (SELECT id FROM tournaments WHERE name = 'Supreme Flight Open' AND season = 2026), 85.71, 46.67, 70.18, 44.44),
  ((SELECT id FROM players WHERE name = 'Anthony Barela'), (SELECT id FROM tournaments WHERE name = 'Supreme Flight Open' AND season = 2026), 78.79, 33.33, 77.19, 35.19),
  ((SELECT id FROM players WHERE name = 'Aaron Gossage'), (SELECT id FROM tournaments WHERE name = 'Supreme Flight Open' AND season = 2026), 93.94, 27.78, 75.44, 40.74),
  ((SELECT id FROM players WHERE name = 'Calvin Heimburg'), (SELECT id FROM tournaments WHERE name = 'Supreme Flight Open' AND season = 2026), 84.85, 41.67, 73.68, 37.04),
  ((SELECT id FROM players WHERE name = 'Eagle McMahon'), (SELECT id FROM tournaments WHERE name = 'Supreme Flight Open' AND season = 2026), 90.91, 27.78, 75.44, 35.19),
  ((SELECT id FROM players WHERE name = 'Chris Dickerson'), (SELECT id FROM tournaments WHERE name = 'Supreme Flight Open' AND season = 2026), 87.88, 33.33, 66.67, 37.04),
  ((SELECT id FROM players WHERE name = 'Cole Redalen'), (SELECT id FROM tournaments WHERE name = 'Supreme Flight Open' AND season = 2026), 88.89, 17.78, 68.42, 38.89),
  ((SELECT id FROM players WHERE name = 'Simon Lizotte'), (SELECT id FROM tournaments WHERE name = 'Supreme Flight Open' AND season = 2026), 74.24, 19.44, 71.93, 38.89),
  ((SELECT id FROM players WHERE name = 'Niklas Anttila'), (SELECT id FROM tournaments WHERE name = 'Supreme Flight Open' AND season = 2026), 83.33, 36.11, 70.18, 35.18),
  ((SELECT id FROM players WHERE name = 'Evan Smith'), (SELECT id FROM tournaments WHERE name = 'Supreme Flight Open' AND season = 2026), 81.82, 38.89, 73.68, 37.04),
  ((SELECT id FROM players WHERE name = 'Andrew Marwede'), (SELECT id FROM tournaments WHERE name = 'Supreme Flight Open' AND season = 2026), 84.85, 25, 66.67, 38.89),
  ((SELECT id FROM players WHERE name = 'Gavin Babcock'), (SELECT id FROM tournaments WHERE name = 'Supreme Flight Open' AND season = 2026), 85.71, 13.89, 71.93, 31.48),
  ((SELECT id FROM players WHERE name = 'Luke Taylor'), (SELECT id FROM tournaments WHERE name = 'Supreme Flight Open' AND season = 2026), 81.82, 25, 71.93, 37.04),
  ((SELECT id FROM players WHERE name = 'Kevin Jones'), (SELECT id FROM tournaments WHERE name = 'Supreme Flight Open' AND season = 2026), 75.76, 16.67, 71.93, 38.89),
  ((SELECT id FROM players WHERE name = 'Ezra Aderhold'), (SELECT id FROM tournaments WHERE name = 'Supreme Flight Open' AND season = 2026), 87.88, 30.56, 68.42, 35.19),
  ((SELECT id FROM players WHERE name = 'Joseph Anderson'), (SELECT id FROM tournaments WHERE name = 'Supreme Flight Open' AND season = 2026), 87.88, 25, 71.93, 33.33),
  ((SELECT id FROM players WHERE name = 'Austin Turner'), (SELECT id FROM tournaments WHERE name = 'Supreme Flight Open' AND season = 2026), 90.91, 19.44, 63.16, 33.33),
  ((SELECT id FROM players WHERE name = 'Joel Freeman'), (SELECT id FROM tournaments WHERE name = 'Supreme Flight Open' AND season = 2026), 66.67, 27.78, 75.44, 35.19),
  ((SELECT id FROM players WHERE name = 'Matthew Orum'), (SELECT id FROM tournaments WHERE name = 'Supreme Flight Open' AND season = 2026), 69.7, 27.78, 73.68, 38.89),
  ((SELECT id FROM players WHERE name = 'Corey Ellis'), (SELECT id FROM tournaments WHERE name = 'Supreme Flight Open' AND season = 2026), 71.21, 25, 73.68, 38.89),
  ((SELECT id FROM players WHERE name = 'Mason Ford'), (SELECT id FROM tournaments WHERE name = 'Supreme Flight Open' AND season = 2026), 81.82, 8.33, 66.67, 37.04),
  ((SELECT id FROM players WHERE name = 'James Conrad'), (SELECT id FROM tournaments WHERE name = 'Supreme Flight Open' AND season = 2026), 72.73, 30.56, 68.42, 37.04),
  ((SELECT id FROM players WHERE name = 'Vaino Makela'), (SELECT id FROM tournaments WHERE name = 'Supreme Flight Open' AND season = 2026), 90.91, 19.44, 64.91, 35.19),
  ((SELECT id FROM players WHERE name = 'Andrew Presnell'), (SELECT id FROM tournaments WHERE name = 'Supreme Flight Open' AND season = 2026), 78.79, 16.67, 66.67, 31.48),
  ((SELECT id FROM players WHERE name = 'Bradley Williams'), (SELECT id FROM tournaments WHERE name = 'Supreme Flight Open' AND season = 2026), 78.79, 19.44, 66.67, 33.33),
  ((SELECT id FROM players WHERE name = 'Paul Ulibarri'), (SELECT id FROM tournaments WHERE name = 'Supreme Flight Open' AND season = 2026), 66.67, 13.89, 73.68, 31.48),
  ((SELECT id FROM players WHERE name = 'Drew Gibson'), (SELECT id FROM tournaments WHERE name = 'Supreme Flight Open' AND season = 2026), 72.73, 25, 68.42, 33.33),
  ((SELECT id FROM players WHERE name = 'Casey White'), (SELECT id FROM tournaments WHERE name = 'Supreme Flight Open' AND season = 2026), 84.85, 8.33, 64.91, 35.19),
  ((SELECT id FROM players WHERE name = 'Raven Newsom'), (SELECT id FROM tournaments WHERE name = 'Supreme Flight Open' AND season = 2026), 81.82, 16.67, 63.16, 35.19),
  ((SELECT id FROM players WHERE name = 'Paul Krans'), (SELECT id FROM tournaments WHERE name = 'Supreme Flight Open' AND season = 2026), 84.85, 19.44, 66.67, 27.78),
  ((SELECT id FROM players WHERE name = 'Silas Schultz'), (SELECT id FROM tournaments WHERE name = 'Supreme Flight Open' AND season = 2026), 78.79, 22.22, 64.91, 33.33),
  ((SELECT id FROM players WHERE name = 'Jake Monn'), (SELECT id FROM tournaments WHERE name = 'Supreme Flight Open' AND season = 2026), 75.76, 16.67, 66.67, 31.48),
  ((SELECT id FROM players WHERE name = 'Benjamin Callaway'), (SELECT id FROM tournaments WHERE name = 'Supreme Flight Open' AND season = 2026), 81.82, 11.11, 63.16, 29.63),
  ((SELECT id FROM players WHERE name = 'Gavin Rathbun'), (SELECT id FROM tournaments WHERE name = 'Supreme Flight Open' AND season = 2026), 66.67, 19.44, 64.91, 35.19),
  ((SELECT id FROM players WHERE name = 'Lauri Lehtinen'), (SELECT id FROM tournaments WHERE name = 'Supreme Flight Open' AND season = 2026), 72.73, 16.67, 66.67, 29.63),
  ((SELECT id FROM players WHERE name = 'Jakub Semerad'), (SELECT id FROM tournaments WHERE name = 'Supreme Flight Open' AND season = 2026), 75.76, 16.67, 59.65, 31.48),
  ((SELECT id FROM players WHERE name = 'Jesse Nieminen'), (SELECT id FROM tournaments WHERE name = 'Supreme Flight Open' AND season = 2026), 78.79, 8.33, 61.4, 31.48),
  ((SELECT id FROM players WHERE name = 'James Proctor'), (SELECT id FROM tournaments WHERE name = 'Supreme Flight Open' AND season = 2026), 72.73, 16.67, 64.91, 27.78),
  ((SELECT id FROM players WHERE name = 'Robert Burridge'), (SELECT id FROM tournaments WHERE name = 'Supreme Flight Open' AND season = 2026), 75.76, 13.89, 57.89, 29.63),
  ((SELECT id FROM players WHERE name = 'Zachary Nash'), (SELECT id FROM tournaments WHERE name = 'Supreme Flight Open' AND season = 2026), 72.73, 11.11, 61.4, 27.78),
  ((SELECT id FROM players WHERE name = 'Evan Scott'), (SELECT id FROM tournaments WHERE name = 'Supreme Flight Open' AND season = 2026), 69.7, 16.67, 59.65, 25.93);